{
  "settings": {
    "MIN_MINUTES_FOR_RATE_TRAIN": 4.0
  },
  "pts": {
    "rmse": 6.6565931700822345,
    "mae": 4.716988617191447,
    "n_test": 13716
  },
  "reb": {
    "rmse": 2.68736709506241,
    "mae": 1.9394912604056787,
    "n_test": 13716
  },
  "ast": {
    "rmse": 1.8595608067560627,
    "mae": 1.2856930913905416,
    "n_test": 13716
  }
}